date,binance_buy,binance_sell,bybit_buy,bybit_sell,profit_bnb2byb,profit_byb2bnb,profit_bnb2bnb,profit_byb2byb
2025-06-15T14:08:45.656309,41.5,42.52,41.73,43.0,3.47,1.67,2.29,2.85
2025-06-15T14:09:10.160622,41.5,42.52,41.75,43.0,3.47,1.61,2.29,2.80
2025-06-15T14:09:36.694892,41.5,42.52,41.75,43.0,3.47,1.61,2.29,2.80
2025-06-15T14:09:59.940713,41.5,42.52,41.75,43.0,3.47,1.61,2.29,2.80
2025-06-15T14:10:22.860818,41.5,42.52,41.5,43.0,3.47,2.29,2.29,3.47
2025-06-15T14:10:45.422752,41.4,42.52,41.5,43.0,3.74,2.29,2.56,3.47
2025-06-15T14:11:09.615005,41.6,42.52,41.79,43.0,3.20,1.51,2.02,2.69
2025-06-15T14:11:34.355617,41.6,42.52,41.79,43.0,3.20,1.51,2.02,2.69
2025-06-15T14:11:59.342272,41.59,42.52,41.79,43.0,3.23,1.51,2.04,2.69
2025-06-15T14:12:25.146651,41.59,42.52,41.79,43.0,3.23,1.51,2.04,2.69
2025-06-15T14:12:47.714359,41.59,42.52,41.79,43.0,3.23,1.51,2.04,2.69
2025-06-15T14:13:11.432448,41.58,42.52,41.79,43.0,3.26,1.51,2.07,2.69
2025-06-15T14:13:33.979869,41.59,42.52,41.79,43.0,3.23,1.51,2.04,2.69
2025-06-15T14:13:59.650974,41.4,42.52,41.7,45.2,9.18,1.75,2.56,8.37
2025-06-15T14:14:24.752538,41.59,42.52,41.79,45.2,8.67,1.51,2.04,8.13
2025-06-15T14:14:49.423497,41.59,42.52,41.79,45.2,8.67,1.51,2.04,8.13
2025-06-15T14:15:14.984307,41.59,42.52,41.79,45.2,8.67,1.51,2.04,8.13
2025-06-15T14:15:40.218899,41.59,42.52,41.79,45.2,8.67,1.51,2.04,8.13
2025-06-15T14:16:06.124884,41.59,42.52,41.9,45.2,8.67,1.21,2.04,7.83
2025-06-15T14:16:29.789095,41.58,42.52,41.68,45.2,8.69,1.80,2.07,8.42
2025-06-15T14:16:52.616237,41.59,42.52,41.68,45.2,8.67,1.80,2.04,8.42
2025-06-15T14:17:16.494403,41.59,42.52,41.79,45.2,8.67,1.51,2.04,8.13
2025-06-15T14:17:43.205568,41.59,42.52,41.79,45.2,8.67,1.51,2.04,8.13
2025-06-15T14:18:07.850857,41.57,42.52,41.7,45.2,8.72,1.75,2.10,8.37
2025-06-15T14:18:31.477655,41.57,42.52,41.7,45.2,8.72,1.75,2.10,8.37
2025-06-15T14:18:54.579963,41.57,42.52,41.68,45.2,8.72,1.80,2.10,8.42
2025-06-15T14:19:18.331755,41.5,42.52,41.7,45.2,8.91,1.75,2.29,8.37
2025-06-15T14:19:42.761593,41.55,42.52,41.65,45.2,8.78,1.88,2.15,8.51
2025-06-15T14:20:07.790893,41.57,42.52,41.7,45.2,8.72,1.75,2.10,8.37
2025-06-15T14:20:33.594302,41.53,42.52,41.79,45.2,8.83,1.51,2.21,8.13
2025-06-15T14:20:56.060933,41.4,42.52,41.7,45.2,9.18,1.75,2.56,8.37
2025-06-15T14:21:20.910400,41.4,42.52,41.7,45.2,9.18,1.75,2.56,8.37
2025-06-15T14:21:46.020383,41.57,42.52,41.7,45.2,8.72,1.75,2.10,8.37
2025-06-15T14:22:09.015462,41.5,42.52,41.7,45.2,8.91,1.75,2.29,8.37
2025-06-15T14:22:33.739621,41.5,42.52,41.7,45.2,8.91,1.75,2.29,8.37
2025-06-15T14:22:58.632428,41.57,42.52,41.7,45.2,8.72,1.75,2.10,8.37
2025-06-15T14:23:25.246766,41.59,42.52,41.7,45.2,8.67,1.75,2.04,8.37
2025-06-15T14:23:50.447875,41.59,42.52,41.7,45.2,8.67,1.75,2.04,8.37
2025-06-15T14:24:15.318087,41.61,42.52,41.6,45.2,8.61,2.02,1.99,8.64
2025-06-15T14:24:41.950081,41.65,42.52,41.65,45.2,8.51,1.88,1.88,8.51
2025-06-15T14:25:07.958979,41.67,42.52,41.7,45.2,8.45,1.75,1.83,8.37
2025-06-15T14:25:32.807433,41.65,42.52,41.7,45.2,8.51,1.75,1.88,8.37
2025-06-15T14:25:57.928684,41.65,42.52,41.7,45.2,8.51,1.75,1.88,8.37
2025-06-15T14:26:21.789257,41.67,42.52,41.7,45.2,8.45,1.75,1.83,8.37
2025-06-15T14:26:47.301138,41.66,42.52,41.7,45.2,8.48,1.75,1.86,8.37
2025-06-15T14:27:14.628606,41.55,42.52,41.7,45.2,8.78,1.75,2.15,8.37
2025-06-15T14:27:40.281542,41.4,42.52,41.7,45.2,9.18,1.75,2.56,8.37
2025-06-15T14:28:03.988226,41.4,42.52,41.6,45.2,9.18,2.02,2.56,8.64
2025-06-15T14:28:26.715855,41.65,42.52,41.7,45.2,8.51,1.75,1.88,8.37
2025-06-15T14:28:50.886541,41.64,42.52,41.7,45.2,8.53,1.75,1.91,8.37
2025-06-15T14:29:16.585932,41.63,42.52,41.7,45.2,8.56,1.75,1.94,8.37
2025-06-15T14:29:40.609300,41.63,42.52,41.7,45.2,8.56,1.75,1.94,8.37
2025-06-15T14:30:06.248339,41.63,42.52,41.69,45.2,8.56,1.77,1.94,8.40
2025-06-15T14:30:30.208581,41.63,42.52,41.69,45.2,8.56,1.77,1.94,8.40
2025-06-15T14:30:55.845677,41.64,42.52,41.69,45.2,8.53,1.77,1.91,8.40
2025-06-15T14:31:20.066876,41.64,42.52,41.69,45.2,8.53,1.77,1.91,8.40
2025-06-15T14:31:42.708270,41.63,42.52,41.6,45.2,8.56,2.02,1.94,8.64
2025-06-15T14:32:08.512378,41.63,42.52,41.69,45.2,8.56,1.77,1.94,8.40
2025-06-15T14:32:34.100702,41.62,42.52,41.69,45.2,8.59,1.77,1.96,8.40
2025-06-15T14:32:58.895884,41.6,42.52,41.68,45.2,8.64,1.80,2.02,8.42
2025-06-15T14:33:24.601161,41.6,42.52,41.68,45.2,8.64,1.80,2.02,8.42
2025-06-15T14:33:47.469708,41.61,42.52,41.68,45.2,8.61,1.80,1.99,8.42
2025-06-15T14:34:10.678161,41.6,42.52,41.6,45.2,8.64,2.02,2.02,8.64
2025-06-15T14:34:33.594447,41.6,42.52,41.6,45.2,8.64,2.02,2.02,8.64
2025-06-15T14:34:59.624076,41.6,42.52,41.6,45.2,8.64,2.02,2.02,8.64
2025-06-15T14:35:23.380126,41.59,42.52,41.6,45.2,8.67,2.02,2.04,8.64
2025-06-15T14:35:48.259686,41.6,42.52,41.6,45.2,8.64,2.02,2.02,8.64
2025-06-15T14:36:13.147872,41.61,42.52,41.6,45.2,8.61,2.02,1.99,8.64
2025-06-15T14:36:37.928392,41.61,42.52,41.65,45.2,8.61,1.88,1.99,8.51
2025-06-15T14:37:04.860877,41.61,42.52,41.65,45.2,8.61,1.88,1.99,8.51
2025-06-15T14:37:28.411750,41.61,42.52,41.65,45.2,8.61,1.88,1.99,8.51
2025-06-15T14:37:55.648746,41.61,42.52,41.65,45.2,8.61,1.88,1.99,8.51
2025-06-15T14:38:21.696849,41.61,42.52,41.6,45.2,8.61,2.02,1.99,8.64
2025-06-15T14:38:47.464994,41.61,42.52,41.65,45.2,8.61,1.88,1.99,8.51
2025-06-15T14:39:11.732359,41.61,42.75,41.64,45.2,8.61,2.48,2.56,8.53
2025-06-15T14:39:34.262421,41.61,42.75,41.65,45.2,8.61,2.45,2.56,8.51
2025-06-15T14:40:00.378426,41.56,42.52,41.65,45.2,8.75,1.88,2.13,8.51
2025-06-15T14:40:24.131653,41.61,42.52,41.65,45.2,8.61,1.88,1.99,8.51
2025-06-15T14:40:49.117384,41.6,42.52,41.65,45.2,8.64,1.88,2.02,8.51
2025-06-15T14:41:13.603621,41.61,42.52,41.64,45.2,8.61,1.91,1.99,8.53
2025-06-15T14:41:37.712948,41.6,42.52,41.6,45.2,8.64,2.02,2.02,8.64
2025-06-15T14:42:01.120846,41.6,42.52,41.64,45.2,8.64,1.91,2.02,8.53
2025-06-15T14:42:27.864522,41.6,42.52,41.64,45.2,8.64,1.91,2.02,8.53
2025-06-15T14:42:51.516989,41.6,42.52,41.64,45.2,8.64,1.91,2.02,8.53
2025-06-15T14:43:18.665128,41.6,42.75,41.64,45.2,8.64,2.48,2.59,8.53
2025-06-15T14:43:42.418326,41.6,42.75,41.6,45.2,8.64,2.59,2.59,8.64
2025-06-15T14:44:06.231787,41.6,42.75,41.6,45.2,8.64,2.59,2.59,8.64
2025-06-15T14:44:33.107927,41.55,42.75,41.6,45.2,8.78,2.59,2.72,8.64
2025-06-15T14:44:58.194699,41.56,42.75,41.65,45.2,8.75,2.45,2.69,8.51
2025-06-15T14:45:21.847298,41.56,42.75,41.59,45.2,8.75,2.61,2.69,8.67
2025-06-15T14:45:44.581793,41.56,42.52,41.59,45.2,8.75,2.04,2.13,8.67
2025-06-15T14:46:11.411651,41.5,42.6,41.65,45.2,8.91,2.08,2.49,8.51
2025-06-15T14:46:36.602045,41.56,42.52,41.69,45.2,8.75,1.77,2.13,8.40
2025-06-15T14:47:03.030627,41.5,42.52,41.69,45.2,8.91,1.77,2.29,8.40
2025-06-15T14:47:28.007658,41.53,42.52,41.74,45.2,8.83,1.64,2.21,8.26
2025-06-15T14:47:50.945408,41.5,42.52,41.6,45.2,8.91,2.02,2.29,8.64
2025-06-15T14:48:15.986904,41.5,42.52,41.65,45.2,8.91,1.88,2.29,8.51
2025-06-15T14:48:39.073747,41.55,42.52,41.65,45.2,8.78,1.88,2.15,8.51
2025-06-15T14:49:04.696458,41.49,42.52,41.5,45.2,8.94,2.29,2.31,8.91
2025-06-15T14:49:27.304984,41.49,42.52,41.69,45.2,8.94,1.77,2.31,8.40
2025-06-15T14:49:52.288367,41.49,42.52,41.69,45.2,8.94,1.77,2.31,8.40
2025-06-15T14:50:16.149113,41.5,42.52,41.69,45.2,8.91,1.77,2.29,8.40
2025-06-15T14:50:39.905439,41.56,42.52,41.69,45.2,8.75,1.77,2.13,8.40
2025-06-15T14:51:03.623039,41.58,42.6,41.65,45.2,8.69,2.08,2.27,8.51
2025-06-15T14:51:29.247036,41.58,42.6,41.65,45.2,8.69,2.08,2.27,8.51
2025-06-15T14:51:54.045285,41.58,42.52,41.69,45.2,8.69,1.77,2.07,8.40
2025-06-15T14:52:16.775571,41.58,42.52,41.69,45.2,8.69,1.77,2.07,8.40
2025-06-15T14:52:40.430513,41.58,42.52,41.69,45.2,8.69,1.77,2.07,8.40
2025-06-15T14:53:04.594646,41.58,42.52,41.69,45.2,8.69,1.77,2.07,8.40
2025-06-15T14:53:27.432885,41.59,42.75,41.69,45.2,8.67,2.34,2.61,8.40
2025-06-15T14:53:51.395234,41.55,42.52,41.63,45.2,8.78,1.94,2.15,8.56
2025-06-15T14:54:17.382361,41.55,42.52,41.59,45.2,8.78,2.04,2.15,8.67
2025-06-15T14:54:40.022389,41.55,42.52,41.7,45.2,8.78,1.75,2.15,8.37
2025-06-15T14:55:03.615286,41.5,42.52,41.59,45.2,8.91,2.04,2.29,8.67
2025-06-15T14:55:29.146154,41.5,42.52,41.59,45.2,8.91,2.04,2.29,8.67
2025-06-15T14:55:55.668816,41.59,42.75,41.67,45.2,8.67,2.40,2.61,8.45
2025-06-15T14:56:19.352161,41.57,42.52,41.67,45.2,8.72,1.83,2.10,8.45
2025-06-15T14:56:44.025857,41.57,42.52,41.67,45.2,8.72,1.83,2.10,8.45
2025-06-15T14:57:06.630259,41.58,42.52,41.65,45.2,8.69,1.88,2.07,8.51
2025-06-15T14:57:30.060972,41.58,42.52,41.63,45.2,8.69,1.94,2.07,8.56
2025-06-15T14:57:56.349736,41.58,42.52,41.63,45.2,8.69,1.94,2.07,8.56
2025-06-15T14:58:18.937666,41.55,42.52,41.63,45.2,8.78,1.94,2.15,8.56
2025-06-15T14:58:44.424444,41.55,42.52,41.63,45.2,8.78,1.94,2.15,8.56
2025-06-15T14:59:09.075283,41.5,42.7,41.63,45.2,8.91,2.38,2.73,8.56
2025-06-15T14:59:33.954251,41.5,42.75,41.63,45.2,8.91,2.51,2.86,8.56
2025-06-15T14:59:59.962088,41.5,42.75,41.63,45.2,8.91,2.51,2.86,8.56
2025-06-15T15:00:22.696058,41.5,42.75,41.6,45.2,8.91,2.59,2.86,8.64
2025-06-15T15:00:46.453510,41.5,42.75,41.6,45.2,8.91,2.59,2.86,8.64
2025-06-15T15:01:10.927526,41.5,42.75,41.6,45.2,8.91,2.59,2.86,8.64
2025-06-15T15:01:36.833387,41.57,42.52,41.6,45.2,8.72,2.02,2.10,8.64
2025-06-15T15:02:03.668767,41.57,42.52,41.6,45.2,8.72,2.02,2.10,8.64
2025-06-15T15:02:28.643522,41.5,42.52,41.5,45.2,8.91,2.29,2.29,8.91
2025-06-15T15:02:51.681562,41.5,42.52,41.58,45.2,8.91,2.07,2.29,8.69
2025-06-15T15:03:14.623733,41.5,42.52,41.55,45.2,8.91,2.15,2.29,8.78
2025-06-15T15:03:40.328764,41.52,42.52,41.55,45.2,8.86,2.15,2.23,8.78
2025-06-15T15:04:05.617493,41.52,42.52,41.55,45.2,8.86,2.15,2.23,8.78
2025-06-15T15:04:32.550238,41.5,42.52,41.55,45.2,8.91,2.15,2.29,8.78
2025-06-15T15:04:58.048265,41.5,42.52,41.55,45.2,8.91,2.15,2.29,8.78
2025-06-15T15:05:24.672131,41.5,42.52,41.55,45.2,8.91,2.15,2.29,8.78
2025-06-15T15:05:49.143208,41.55,42.52,41.55,45.2,8.78,2.15,2.15,8.78
2025-06-15T15:06:13.005501,41.55,42.52,41.55,45.2,8.78,2.15,2.15,8.78
2025-06-15T15:06:37.888159,41.55,42.52,41.58,45.2,8.78,2.07,2.15,8.69
2025-06-15T15:07:03.896869,41.55,42.52,41.56,45.2,8.78,2.13,2.15,8.75
2025-06-15T15:07:29.801778,41.56,42.52,41.5,45.2,8.75,2.29,2.13,8.91
2025-06-15T15:07:57.143217,41.56,42.52,41.5,45.2,8.75,2.29,2.13,8.91
2025-06-15T15:08:22.439161,41.56,42.52,41.5,45.2,8.75,2.29,2.13,8.91
2025-06-15T15:08:48.242613,41.58,42.52,41.49,45.2,8.69,2.31,2.07,8.94
2025-06-15T15:09:13.025141,41.58,42.52,41.4,45.2,8.69,2.56,2.07,9.18
2025-06-15T15:09:37.807512,41.58,42.52,41.49,45.2,8.69,2.31,2.07,8.94
2025-06-15T15:10:04.634678,41.57,42.52,41.5,45.2,8.72,2.29,2.10,8.91
2025-06-15T15:10:28.833188,41.56,42.52,41.54,45.2,8.75,2.18,2.13,8.80
2025-06-15T15:10:53.172959,41.55,42.52,41.54,45.2,8.78,2.18,2.15,8.80
2025-06-15T15:11:18.302575,41.57,42.52,41.44,45.2,8.72,2.45,2.10,9.07
2025-06-15T15:11:44.311899,41.55,42.52,41.44,45.2,8.78,2.45,2.15,9.07
2025-06-15T15:12:09.110860,41.56,42.52,41.44,45.2,8.75,2.45,2.13,9.07
2025-06-15T15:12:31.926833,41.57,42.52,41.44,45.2,8.72,2.45,2.10,9.07
2025-06-15T15:12:57.526605,41.55,42.52,41.44,45.2,8.78,2.45,2.15,9.07
2025-06-15T15:13:21.589780,41.55,42.55,41.44,45.2,8.78,2.52,2.23,9.07
2025-06-15T15:13:44.528014,41.55,42.52,41.44,45.2,8.78,2.45,2.15,9.07
2025-06-15T15:14:10.332074,41.57,42.52,41.4,45.2,8.72,2.56,2.10,9.18
2025-06-15T15:14:35.727150,41.55,42.52,41.49,45.2,8.78,2.31,2.15,8.94
2025-06-15T15:15:01.634565,41.55,42.52,41.55,45.2,8.78,2.15,2.15,8.78
2025-06-15T15:15:27.539523,41.52,42.75,41.55,45.2,8.86,2.72,2.80,8.78
2025-06-15T15:15:52.168263,41.54,42.75,41.55,45.2,8.80,2.72,2.75,8.78
2025-06-15T15:16:16.794123,41.52,42.75,41.55,45.2,8.86,2.72,2.80,8.78
2025-06-15T15:16:43.929350,41.5,42.52,41.55,45.2,8.91,2.15,2.29,8.78
2025-06-15T15:17:08.607838,41.45,42.52,41.55,45.2,9.05,2.15,2.42,8.78
2025-06-15T15:17:34.617620,41.58,42.52,41.55,45.2,8.69,2.15,2.07,8.78
2025-06-15T15:18:00.730190,41.51,42.52,41.55,45.2,8.88,2.15,2.26,8.78
2025-06-15T15:18:25.406362,41.58,42.6,41.53,45.2,8.69,2.40,2.27,8.83
2025-06-15T15:18:50.540295,41.6,42.6,41.53,45.2,8.64,2.40,2.22,8.83
2025-06-15T15:19:14.148768,41.51,42.6,41.53,45.2,8.88,2.40,2.46,8.83
2025-06-15T15:19:40.568639,41.6,42.6,41.53,45.2,8.64,2.40,2.22,8.83
2025-06-15T15:20:05.350205,41.55,42.6,41.55,45.2,8.78,2.35,2.35,8.78
2025-06-15T15:20:31.254819,41.55,42.6,41.55,45.2,8.78,2.35,2.35,8.78
2025-06-15T15:20:53.986061,41.56,42.6,41.55,45.2,8.75,2.35,2.32,8.78
2025-06-15T15:21:19.177488,41.59,42.6,41.53,45.2,8.67,2.40,2.24,8.83
2025-06-15T15:21:44.981866,41.55,42.6,41.53,45.2,8.78,2.40,2.35,8.83
2025-06-15T15:22:07.817378,41.55,42.6,41.5,45.2,8.78,2.49,2.35,8.91
2025-06-15T15:22:33.516886,41.55,42.6,41.55,45.2,8.78,2.35,2.35,8.78
2025-06-15T15:22:58.514350,41.55,42.6,41.55,45.2,8.78,2.35,2.35,8.78
2025-06-15T15:23:25.229603,41.55,42.6,41.55,45.2,8.78,2.35,2.35,8.78
2025-06-15T15:23:52.264231,41.57,42.6,41.55,45.2,8.72,2.35,2.30,8.78
2025-06-15T15:24:15.713145,41.57,42.6,41.55,45.2,8.72,2.35,2.30,8.78
2025-06-15T15:24:41.935707,41.57,42.6,41.6,45.2,8.72,2.22,2.30,8.64
2025-06-15T15:25:08.038760,41.56,42.6,41.6,45.2,8.75,2.22,2.32,8.64
2025-06-15T15:25:31.655271,41.57,42.6,41.5,45.2,8.72,2.49,2.30,8.91
2025-06-15T15:25:54.937496,41.56,42.75,41.55,45.2,8.75,2.72,2.69,8.78
2025-06-15T15:26:21.765655,41.5,42.75,41.6,45.2,8.91,2.59,2.86,8.64
2025-06-15T15:26:45.522009,41.56,42.6,41.6,45.2,8.75,2.22,2.32,8.64
2025-06-15T15:27:10.302350,41.55,42.6,41.59,45.2,8.78,2.24,2.35,8.67
2025-06-15T15:27:36.311944,41.54,42.6,41.59,45.2,8.80,2.24,2.38,8.67
2025-06-15T15:28:03.448041,41.53,42.6,41.59,45.2,8.83,2.24,2.40,8.67
2025-06-15T15:28:29.249093,41.5,42.6,41.59,45.2,8.91,2.24,2.49,8.67
2025-06-15T15:28:55.158842,41.53,42.6,41.59,45.2,8.83,2.24,2.40,8.67
2025-06-15T15:29:20.453552,41.53,42.6,41.55,45.2,8.83,2.35,2.40,8.78
2025-06-15T15:29:46.578745,41.52,42.6,41.55,45.2,8.86,2.35,2.43,8.78
2025-06-15T15:30:11.186392,41.5,42.6,41.55,45.2,8.91,2.35,2.49,8.78
2025-06-15T15:30:35.695536,41.54,42.6,41.55,45.2,8.80,2.35,2.38,8.78
2025-06-15T15:31:00.226905,41.54,42.75,41.55,43.0,3.37,2.72,2.75,3.34
2025-06-15T15:31:26.465653,41.54,42.75,41.45,43.0,3.37,2.99,2.75,3.61
2025-06-15T15:31:50.459637,41.54,42.75,41.5,43.0,3.37,2.86,2.75,3.47
2025-06-15T15:32:15.734206,41.54,42.75,41.55,43.0,3.37,2.72,2.75,3.34
2025-06-15T15:32:42.042689,41.54,42.75,41.55,43.0,3.37,2.72,2.75,3.34
2025-06-15T15:33:06.319367,41.58,42.75,41.55,43.0,3.26,2.72,2.64,3.34
2025-06-15T15:33:30.877681,41.58,42.75,41.55,43.0,3.26,2.72,2.64,3.34
2025-06-15T15:33:56.722707,41.5,42.75,41.55,43.0,3.47,2.72,2.86,3.34
2025-06-15T15:34:20.169076,41.56,42.75,41.55,43.0,3.31,2.72,2.69,3.34
2025-06-15T15:34:44.333945,41.5,42.75,41.55,43.0,3.47,2.72,2.86,3.34
2025-06-15T15:35:08.009128,41.54,42.75,41.55,43.0,3.37,2.72,2.75,3.34
2025-06-15T15:35:31.541883,41.54,42.75,41.55,43.0,3.37,2.72,2.75,3.34
2025-06-15T15:35:56.322273,41.53,42.75,41.49,43.0,3.39,2.88,2.77,3.50
2025-06-15T15:36:22.228632,41.52,42.75,41.55,43.0,3.42,2.72,2.80,3.34
2025-06-15T15:36:48.237368,41.52,42.75,41.55,43.0,3.42,2.72,2.80,3.34
2025-06-15T15:37:15.474821,41.54,42.75,41.55,43.0,3.37,2.72,2.75,3.34
2025-06-15T15:37:40.665102,41.5,42.75,41.55,43.0,3.47,2.72,2.86,3.34
2025-06-15T15:38:06.572302,41.53,42.75,41.55,43.0,3.39,2.72,2.77,3.34
2025-06-15T15:38:30.431344,41.54,42.75,41.55,43.0,3.37,2.72,2.75,3.34
2025-06-15T15:38:55.619450,41.54,42.85,41.5,43.0,3.37,3.10,2.99,3.47
2025-06-15T15:39:19.683412,41.5,42.85,41.5,43.0,3.47,3.10,3.10,3.47
2025-06-15T15:39:45.999744,41.53,42.85,41.55,43.0,3.39,2.97,3.02,3.34
2025-06-15T15:40:09.449145,41.53,42.85,41.57,43.0,3.39,2.91,3.02,3.28
2025-06-15T15:40:32.906494,41.53,42.85,41.57,43.0,3.39,2.91,3.02,3.28
2025-06-15T15:40:57.244759,41.5,42.85,41.65,43.0,3.47,2.70,3.10,3.07
2025-06-15T15:41:22.712082,41.53,42.6,41.57,43.0,3.39,2.30,2.40,3.28
2025-06-15T15:41:47.026802,41.5,42.6,41.57,43.0,3.47,2.30,2.49,3.28
2025-06-15T15:42:11.359270,41.5,42.6,41.57,43.0,3.47,2.30,2.49,3.28
2025-06-15T15:42:35.997434,41.5,42.6,41.57,43.0,3.47,2.30,2.49,3.28
2025-06-15T15:43:01.550803,41.5,42.6,41.57,43.0,3.47,2.30,2.49,3.28
2025-06-15T15:43:24.787724,41.5,42.6,41.65,43.0,3.47,2.08,2.49,3.07
2025-06-15T15:43:51.702370,41.5,42.6,41.65,43.0,3.47,2.08,2.49,3.07
2025-06-15T15:44:14.891975,41.5,42.6,41.65,43.0,3.47,2.08,2.49,3.07
2025-06-15T15:44:39.374023,41.5,42.75,41.65,43.0,3.47,2.45,2.86,3.07
2025-06-15T15:45:03.704190,41.5,42.75,41.65,43.0,3.47,2.45,2.86,3.07
2025-06-15T15:45:27.396426,41.5,42.75,41.65,43.0,3.47,2.45,2.86,3.07
2025-06-15T15:45:50.690419,41.58,42.75,41.55,43.0,3.26,2.72,2.64,3.34
2025-06-15T15:46:14.140984,41.58,42.75,41.65,43.0,3.26,2.45,2.64,3.07
2025-06-15T15:46:41.012825,41.57,42.75,41.65,43.0,3.28,2.45,2.67,3.07
2025-06-15T15:47:06.230472,41.49,42.75,41.6,43.0,3.50,2.59,2.88,3.20
2025-06-15T15:47:31.909101,41.49,42.75,41.55,43.0,3.50,2.72,2.88,3.34
2025-06-15T15:47:57.916646,41.49,42.75,41.65,43.0,3.50,2.45,2.88,3.07
2025-06-15T15:48:23.517390,41.49,42.75,41.65,43.0,3.50,2.45,2.88,3.07
2025-06-15T15:48:49.069351,41.49,42.75,41.6,43.0,3.50,2.59,2.88,3.20
2025-06-15T15:49:14.101868,41.6,42.6,41.6,43.0,3.20,2.22,2.22,3.20
2025-06-15T15:49:40.620846,41.58,42.75,41.65,43.0,3.26,2.45,2.64,3.07
2025-06-15T15:50:07.145402,41.55,42.75,41.55,43.0,3.34,2.72,2.72,3.34
2025-06-15T15:50:31.924060,41.6,42.75,41.6,43.0,3.20,2.59,2.59,3.20
2025-06-15T15:50:55.578882,41.49,42.6,41.6,43.0,3.50,2.22,2.51,3.20
2025-06-15T15:51:21.788955,41.6,42.6,41.59,43.0,3.20,2.24,2.22,3.23
2025-06-15T15:51:46.262384,41.56,42.6,41.65,43.0,3.31,2.08,2.32,3.07
2025-06-15T15:52:12.376536,41.55,42.6,41.65,43.0,3.34,2.08,2.35,3.07
2025-06-15T15:52:38.900027,41.55,42.6,41.6,43.0,3.34,2.22,2.35,3.20
2025-06-15T15:53:05.317515,41.55,42.6,41.78,43.0,3.34,1.73,2.35,2.72
2025-06-15T15:53:31.515525,41.54,42.6,41.5,43.0,3.37,2.49,2.38,3.47
2025-06-15T15:53:56.414114,41.52,42.6,41.69,43.0,3.42,1.97,2.43,2.96
2025-06-15T15:54:22.013260,41.44,42.6,41.6,43.0,3.64,2.22,2.65,3.20
2025-06-15T15:54:47.510324,41.4,42.6,41.6,43.0,3.74,2.22,2.75,3.20
2025-06-15T15:55:11.262171,41.5,42.6,41.55,43.0,3.47,2.35,2.49,3.34
2025-06-15T15:55:37.787989,41.39,42.6,41.55,43.0,3.77,2.35,2.78,3.34
2025-06-15T15:56:02.154009,41.39,42.6,41.55,43.0,3.77,2.35,2.78,3.34
2025-06-15T15:56:28.675616,41.49,42.6,41.6,43.0,3.50,2.22,2.51,3.20
2025-06-15T15:56:54.290235,41.49,43.0,41.6,43.0,3.50,3.20,3.50,3.20
2025-06-15T15:57:20.956892,41.49,43.0,41.59,43.0,3.50,3.23,3.50,3.23
2025-06-15T15:57:43.586630,41.48,43.0,41.59,43.0,3.53,3.23,3.53,3.23
2025-06-15T15:58:09.085123,41.47,43.0,41.57,43.0,3.55,3.28,3.55,3.28
2025-06-15T15:58:36.116183,41.47,43.0,41.57,43.0,3.55,3.28,3.55,3.28
2025-06-15T15:59:00.691358,41.47,43.0,41.57,43.0,3.55,3.28,3.55,3.28
2025-06-15T15:59:24.242703,41.47,43.0,41.57,43.0,3.55,3.28,3.55,3.28
2025-06-15T15:59:47.897226,41.49,43.0,41.57,43.0,3.50,3.28,3.50,3.28
2025-06-15T16:00:12.578151,41.48,43.0,41.57,43.0,3.53,3.28,3.53,3.28
2025-06-15T16:00:37.165252,41.49,43.0,41.57,43.0,3.50,3.28,3.50,3.28
2025-06-15T16:01:00.868890,41.49,43.0,41.57,43.0,3.50,3.28,3.50,3.28
2025-06-15T16:01:25.145662,41.49,43.0,41.59,43.0,3.50,3.23,3.50,3.23
2025-06-15T16:01:47.907222,41.49,43.0,41.6,43.0,3.50,3.20,3.50,3.20
2025-06-15T16:02:14.427982,41.49,43.0,41.6,43.0,3.50,3.20,3.50,3.20
2025-06-15T16:02:37.775009,41.47,43.0,41.68,43.0,3.55,2.99,3.55,2.99
2025-06-15T16:03:03.477737,41.47,43.0,41.68,43.0,3.55,2.99,3.55,2.99
2025-06-15T16:03:27.335976,41.47,43.0,41.7,43.0,3.55,2.93,3.55,2.93
2025-06-15T16:03:54.365332,41.47,43.0,41.6,43.0,3.55,3.20,3.55,3.20
2025-06-15T16:04:16.998707,41.59,43.0,41.77,43.0,3.23,2.75,3.23,2.75
2025-06-15T16:04:39.629108,41.59,43.0,41.76,43.0,3.23,2.77,3.23,2.77
2025-06-15T16:05:05.329922,41.59,43.0,41.76,43.0,3.23,2.77,3.23,2.77
2025-06-15T16:05:30.015471,41.59,43.0,41.57,43.0,3.23,3.28,3.23,3.28
2025-06-15T16:05:52.842642,41.55,43.0,41.57,43.0,3.34,3.28,3.34,3.28
2025-06-15T16:06:17.505281,41.55,43.0,41.57,43.0,3.34,3.28,3.34,3.28
2025-06-15T16:06:42.306786,41.4,43.0,41.57,43.0,3.74,3.28,3.74,3.28
2025-06-15T16:07:07.906425,41.4,43.0,41.57,43.0,3.74,3.28,3.74,3.28
2025-06-15T16:07:31.454713,41.4,43.0,41.57,43.0,3.74,3.28,3.74,3.28
2025-06-15T16:07:56.947430,41.4,43.0,41.57,43.0,3.74,3.28,3.74,3.28
2025-06-15T16:08:19.889610,41.4,43.0,41.57,43.0,3.74,3.28,3.74,3.28
2025-06-15T16:08:44.260847,41.4,43.0,41.6,43.0,3.74,3.20,3.74,3.20
2025-06-15T16:09:10.985995,41.4,43.0,41.6,43.0,3.74,3.20,3.74,3.20
2025-06-15T16:09:35.356615,41.4,43.0,41.6,43.0,3.74,3.20,3.74,3.20
2025-06-15T16:09:57.984286,41.3,43.0,41.6,43.0,4.01,3.20,4.01,3.20
2025-06-15T16:10:21.539319,41.3,43.0,41.7,43.0,4.01,2.93,4.01,2.93
2025-06-15T16:10:44.066102,41.3,43.0,41.7,43.0,4.01,2.93,4.01,2.93
2025-06-15T16:11:07.514086,41.3,43.0,41.7,43.0,4.01,2.93,4.01,2.93
2025-06-15T16:11:30.245109,41.3,43.0,41.6,43.0,4.01,3.20,4.01,3.20
2025-06-15T16:11:55.329430,41.4,43.0,41.6,43.0,3.74,3.20,3.74,3.20
2025-06-15T16:12:19.908243,41.2,43.0,41.6,43.0,4.28,3.20,4.28,3.20
2025-06-15T16:12:42.434779,41.45,43.0,41.6,43.0,3.61,3.20,3.61,3.20
2025-06-15T16:13:08.141144,41.41,43.0,41.6,43.0,3.72,3.20,3.72,3.20
2025-06-15T16:13:32.683921,41.4,43.0,41.6,43.0,3.74,3.20,3.74,3.20
2025-06-15T16:13:56.468809,41.49,43.0,41.6,43.0,3.50,3.20,3.50,3.20
2025-06-15T16:14:22.888610,41.49,43.0,41.6,45.1,8.69,3.20,3.50,8.39
2025-06-15T16:14:50.328805,41.49,43.0,41.6,45.1,8.69,3.20,3.50,8.39
2025-06-15T16:15:14.916836,41.4,43.0,41.6,45.1,8.93,3.20,3.74,8.39
2025-06-15T16:15:39.792166,41.4,43.0,41.6,45.1,8.93,3.20,3.74,8.39
2025-06-15T16:16:05.822063,41.47,43.0,41.6,45.1,8.74,3.20,3.55,8.39
2025-06-15T16:16:29.774129,41.44,43.0,41.6,45.1,8.83,3.20,3.64,8.39
2025-06-15T16:16:55.052465,41.4,43.0,41.6,45.1,8.93,3.20,3.74,8.39
2025-06-15T16:17:19.621408,41.4,43.0,41.6,45.1,8.93,3.20,3.74,8.39
2025-06-15T16:17:44.709571,41.4,43.0,41.6,45.1,8.93,3.20,3.74,8.39
2025-06-15T16:18:09.391635,41.4,43.0,41.6,45.1,8.93,3.20,3.74,8.39
2025-06-15T16:18:36.219455,41.4,43.0,41.6,45.1,8.93,3.20,3.74,8.39
2025-06-15T16:19:01.819493,41.4,43.0,41.6,45.1,8.93,3.20,3.74,8.39
2025-06-15T16:19:27.836279,41.4,43.0,41.6,45.1,8.93,3.20,3.74,8.39
2025-06-15T16:19:53.534715,41.4,43.0,41.6,45.1,8.93,3.20,3.74,8.39
2025-06-15T16:20:18.310426,41.4,43.0,41.59,45.1,8.93,3.23,3.74,8.42
2025-06-15T16:20:44.012077,41.35,43.0,41.59,45.1,9.07,3.23,3.88,8.42
2025-06-15T16:21:08.997591,41.44,43.0,41.59,45.1,8.83,3.23,3.64,8.42
2025-06-15T16:21:34.699331,41.4,43.0,41.59,45.1,8.93,3.23,3.74,8.42
2025-06-15T16:22:01.118336,41.4,43.0,41.59,45.1,8.93,3.23,3.74,8.42
2025-06-15T16:22:25.955059,41.45,43.0,41.59,45.1,8.80,3.23,3.61,8.42
2025-06-15T16:22:49.687844,41.48,43.0,41.58,45.1,8.72,3.26,3.53,8.45
2025-06-15T16:23:14.492133,41.48,43.0,41.58,45.1,8.72,3.26,3.53,8.45
2025-06-15T16:23:39.170282,41.48,43.0,41.5,45.1,8.72,3.47,3.53,8.66
2025-06-15T16:24:05.378834,41.47,43.0,41.5,45.1,8.74,3.47,3.55,8.66
2025-06-15T16:24:30.983295,41.45,43.0,41.5,45.1,8.80,3.47,3.61,8.66
2025-06-15T16:24:54.692501,41.47,43.0,41.58,45.1,8.74,3.26,3.55,8.45
2025-06-15T16:25:19.659129,41.47,43.0,41.55,45.1,8.74,3.34,3.55,8.53
2025-06-15T16:25:43.584532,41.54,43.0,41.5,45.1,8.56,3.47,3.37,8.66
2025-06-15T16:26:09.057215,41.54,43.0,41.5,45.1,8.56,3.47,3.37,8.66
2025-06-15T16:26:33.562492,41.54,43.0,41.3,45.1,8.56,4.01,3.37,9.20
2025-06-15T16:26:58.230654,41.45,43.0,41.58,45.1,8.80,3.26,3.61,8.45
2025-06-15T16:27:24.056201,41.51,43.0,41.49,45.1,8.64,3.50,3.45,8.69
2025-06-15T16:27:47.641427,41.51,43.0,41.7,45.1,8.64,2.93,3.45,8.12
2025-06-15T16:28:11.051617,41.49,43.0,41.7,45.1,8.69,2.93,3.50,8.12
2025-06-15T16:28:34.520960,41.51,43.0,41.7,45.1,8.64,2.93,3.45,8.12
2025-06-15T16:29:00.362174,41.51,43.0,41.7,45.1,8.64,2.93,3.45,8.12
2025-06-15T16:29:24.850021,41.5,43.0,41.7,45.1,8.66,2.93,3.47,8.12
2025-06-15T16:29:47.372643,41.48,43.0,41.7,45.1,8.72,2.93,3.53,8.12
2025-06-15T16:30:11.828238,41.48,43.0,41.6,45.1,8.72,3.20,3.53,8.39
2025-06-15T16:30:35.877392,41.49,43.0,41.58,45.1,8.69,3.26,3.50,8.45
2025-06-15T16:30:59.348437,41.5,43.0,41.69,45.1,8.66,2.96,3.47,8.15
2025-06-15T16:31:23.976572,41.4,43.0,41.69,45.1,8.93,2.96,3.74,8.15
2025-06-15T16:31:47.910695,41.4,43.0,41.5,45.1,8.93,3.47,3.74,8.66
2025-06-15T16:32:14.026101,41.5,43.0,41.5,45.1,8.66,3.47,3.47,8.66
2025-06-15T16:32:37.987171,41.5,43.0,41.7,45.1,8.66,2.93,3.47,8.12
2025-06-15T16:33:02.869374,41.51,43.0,41.6,45.1,8.64,3.20,3.45,8.39
2025-06-15T16:33:28.592714,41.5,43.0,41.58,45.1,8.66,3.26,3.47,8.45
2025-06-15T16:33:53.863170,41.53,43.0,41.7,45.1,8.58,2.93,3.39,8.12
2025-06-15T16:34:18.644537,41.55,43.0,41.7,45.1,8.53,2.93,3.34,8.12
2025-06-15T16:34:42.357872,41.55,43.0,41.65,45.1,8.53,3.07,3.34,8.26
2025-06-15T16:35:08.032041,41.55,43.0,41.6,45.1,8.53,3.20,3.34,8.39
2025-06-15T16:35:32.883388,41.55,43.0,41.6,45.1,8.53,3.20,3.34,8.39
2025-06-15T16:35:55.818651,41.56,43.0,41.6,45.1,8.50,3.20,3.31,8.39
2025-06-15T16:36:19.884719,41.54,43.0,41.58,45.1,8.56,3.26,3.37,8.45
2025-06-15T16:36:42.513633,41.55,43.0,41.58,45.1,8.53,3.26,3.34,8.45
2025-06-15T16:37:08.727912,41.5,43.0,41.58,45.1,8.66,3.26,3.47,8.45
2025-06-15T16:37:34.429450,41.55,43.0,41.58,45.1,8.53,3.26,3.34,8.45
2025-06-15T16:37:59.209664,41.54,43.0,41.58,45.1,8.56,3.26,3.37,8.45
2025-06-15T16:38:23.887959,41.55,43.0,41.58,45.1,8.53,3.26,3.34,8.45
2025-06-15T16:38:46.926486,41.55,43.0,41.58,45.1,8.53,3.26,3.34,8.45
2025-06-15T16:39:09.864616,41.55,43.0,41.5,45.1,8.53,3.47,3.34,8.66
2025-06-15T16:39:34.643606,41.55,43.0,41.5,45.1,8.53,3.47,3.34,8.66
2025-06-15T16:40:01.266633,41.55,43.0,41.58,45.1,8.53,3.26,3.34,8.45
2025-06-15T16:40:26.356288,41.06,43.0,41.6,45.1,9.85,3.20,4.66,8.39
2025-06-15T16:40:51.956267,41.5,43.0,41.6,45.1,8.66,3.20,3.47,8.39
2025-06-15T16:41:17.965221,41.55,43.0,41.58,45.1,8.53,3.26,3.34,8.45
2025-06-15T16:41:41.492172,41.54,43.0,41.5,45.1,8.56,3.47,3.37,8.66
2025-06-15T16:42:06.810541,41.55,43.0,41.5,45.1,8.53,3.47,3.34,8.66
2025-06-15T16:42:32.510781,41.55,43.0,41.5,45.1,8.53,3.47,3.34,8.66
2025-06-15T16:42:57.291944,41.55,43.0,41.58,45.1,8.53,3.26,3.34,8.45
2025-06-15T16:43:21.560793,41.55,43.0,41.5,45.1,8.53,3.47,3.34,8.66
2025-06-15T16:43:45.929576,41.55,42.6,41.5,45.1,8.53,2.49,2.35,8.66
2025-06-15T16:44:09.175377,41.55,42.6,41.58,45.1,8.53,2.27,2.35,8.45
2025-06-15T16:44:34.874491,41.5,42.6,41.58,45.1,8.66,2.27,2.49,8.45
2025-06-15T16:45:01.909542,41.55,42.75,41.58,45.1,8.53,2.64,2.72,8.45
2025-06-15T16:45:24.934342,41.55,42.75,41.58,45.1,8.53,2.64,2.72,8.45
2025-06-15T16:45:49.627036,41.55,42.75,41.58,45.1,8.53,2.64,2.72,8.45
2025-06-15T16:46:15.431180,41.54,42.75,41.6,45.1,8.56,2.59,2.75,8.39
2025-06-15T16:46:41.743201,41.5,42.75,41.6,45.1,8.66,2.59,2.86,8.39
2025-06-15T16:47:06.781442,41.5,42.75,41.6,45.1,8.66,2.59,2.86,8.39
2025-06-15T16:47:31.473873,41.6,42.75,41.6,45.1,8.39,2.59,2.59,8.39
2025-06-15T16:47:56.051483,41.55,42.75,41.58,45.1,8.53,2.64,2.72,8.45
2025-06-15T16:48:20.112974,41.55,43.0,41.53,45.1,8.53,3.39,3.34,8.58
2025-06-15T16:48:47.148251,41.54,43.0,41.53,45.1,8.56,3.39,3.37,8.58
2025-06-15T16:49:13.976821,41.53,43.0,41.58,45.1,8.58,3.26,3.39,8.45
2025-06-15T16:49:40.703096,41.52,42.75,41.58,45.1,8.61,2.64,2.80,8.45
2025-06-15T16:50:06.711891,41.51,42.75,41.58,45.1,8.64,2.64,2.83,8.45
2025-06-15T16:50:31.592818,41.52,42.75,41.58,45.1,8.61,2.64,2.80,8.45
2025-06-15T16:50:55.566359,41.53,42.75,41.49,45.1,8.58,2.88,2.77,8.69
2025-06-15T16:51:19.384413,41.53,42.75,41.6,45.1,8.58,2.59,2.77,8.39
2025-06-15T16:51:44.092329,41.53,43.0,41.53,45.1,8.58,3.39,3.39,8.58
2025-06-15T16:52:09.072860,41.53,43.0,41.53,45.1,8.58,3.39,3.39,8.58
2025-06-15T16:52:32.015545,41.5,43.0,41.53,45.1,8.66,3.39,3.47,8.58
2025-06-15T16:52:55.873843,41.53,43.0,41.6,45.1,8.58,3.20,3.39,8.39
2025-06-15T16:53:19.321388,41.53,43.0,41.6,45.1,8.58,3.20,3.39,8.39
2025-06-15T16:53:41.927481,41.53,43.0,41.6,45.1,8.58,3.20,3.39,8.39
2025-06-15T16:54:07.965618,41.52,43.0,41.6,45.1,8.61,3.20,3.42,8.39
2025-06-15T16:54:31.617514,41.52,43.0,41.59,45.1,8.61,3.23,3.42,8.42
2025-06-15T16:54:56.758366,41.52,43.0,41.6,45.1,8.61,3.20,3.42,8.39
2025-06-15T16:55:21.689904,41.51,43.0,41.6,45.1,8.64,3.20,3.45,8.39
2025-06-15T16:55:46.366879,41.51,43.0,41.59,45.1,8.64,3.23,3.45,8.42
2025-06-15T16:56:13.093801,41.51,43.0,41.59,45.1,8.64,3.23,3.45,8.42
2025-06-15T16:56:35.914174,41.51,43.0,41.59,45.1,8.64,3.23,3.45,8.42
2025-06-15T16:57:01.530388,41.51,43.0,41.58,45.1,8.64,3.26,3.45,8.45
2025-06-15T16:57:27.332559,41.51,43.0,41.58,45.1,8.64,3.26,3.45,8.45
2025-06-15T16:57:52.114681,41.51,43.0,41.5,45.1,8.64,3.47,3.45,8.66
2025-06-15T16:58:17.304281,41.51,43.0,41.5,45.1,8.64,3.47,3.45,8.66
2025-06-15T16:58:41.161756,41.4,43.0,41.5,45.1,8.93,3.47,3.74,8.66
2025-06-15T16:59:05.123946,41.4,43.0,41.5,45.1,8.93,3.47,3.74,8.66
2025-06-15T16:59:30.210851,41.51,43.0,41.5,45.1,8.64,3.47,3.45,8.66
2025-06-15T16:59:56.373385,41.51,43.0,41.5,45.1,8.64,3.47,3.45,8.66
2025-06-15T17:00:22.535196,41.51,43.0,41.5,45.1,8.64,3.47,3.45,8.66
2025-06-15T17:00:46.066459,41.51,43.0,41.5,45.1,8.64,3.47,3.45,8.66
2025-06-15T17:01:09.894204,41.51,43.0,41.5,45.1,8.64,3.47,3.45,8.66
2025-06-15T17:01:36.075923,41.51,43.0,41.45,45.1,8.64,3.61,3.45,8.80
2025-06-15T17:01:58.770432,41.51,43.0,41.45,45.1,8.64,3.61,3.45,8.80
2025-06-15T17:02:23.064579,41.51,43.0,41.45,45.1,8.64,3.61,3.45,8.80
2025-06-15T17:02:46.596484,41.51,43.0,41.45,45.1,8.64,3.61,3.45,8.80
2025-06-15T17:03:11.625775,41.5,43.0,41.45,45.1,8.66,3.61,3.47,8.80
2025-06-15T17:03:38.120165,41.51,43.0,41.49,45.1,8.64,3.50,3.45,8.69
2025-06-15T17:04:03.002771,41.51,43.0,41.54,45.1,8.64,3.37,3.45,8.56
2025-06-15T17:04:26.859252,41.51,43.0,41.5,45.1,8.64,3.47,3.45,8.66
2025-06-15T17:04:52.620812,41.51,43.0,41.5,45.1,8.64,3.47,3.45,8.66
2025-06-15T17:05:19.291043,41.51,43.0,41.54,45.1,8.64,3.37,3.45,8.56
2025-06-15T17:05:43.041755,41.5,43.0,41.5,45.1,8.66,3.47,3.47,8.66
2025-06-15T17:06:09.767743,41.5,43.0,41.5,45.1,8.66,3.47,3.47,8.66
2025-06-15T17:06:35.528472,41.5,43.0,41.5,45.1,8.66,3.47,3.47,8.66
2025-06-15T17:07:01.206271,41.5,43.0,41.5,45.1,8.66,3.47,3.47,8.66
2025-06-15T17:07:25.070523,41.51,43.0,41.5,45.1,8.64,3.47,3.45,8.66
2025-06-15T17:07:48.684107,41.51,43.0,41.6,45.1,8.64,3.20,3.45,8.39
2025-06-15T17:08:12.669499,41.51,43.0,40.95,45.1,8.64,4.96,3.45,10.15
2025-06-15T17:08:38.970081,41.49,43.0,41.45,45.1,8.69,3.61,3.50,8.80
2025-06-15T17:09:04.783289,41.49,43.0,41.5,45.1,8.69,3.47,3.50,8.66
2025-06-15T17:09:31.438974,41.4,43.0,41.6,45.1,8.93,3.20,3.74,8.39
2025-06-15T17:09:54.287142,41.49,43.0,41.5,45.1,8.69,3.47,3.50,8.66
2025-06-15T17:10:19.311143,41.45,43.0,41.5,45.1,8.80,3.47,3.61,8.66
2025-06-15T17:10:43.993506,41.49,43.0,41.5,45.1,8.69,3.47,3.50,8.66
2025-06-15T17:11:06.792035,41.49,43.0,41.5,45.1,8.69,3.47,3.50,8.66
2025-06-15T17:11:31.811201,41.49,43.0,41.5,45.1,8.69,3.47,3.50,8.66
2025-06-15T17:11:58.716548,41.49,43.0,41.5,45.1,8.69,3.47,3.50,8.66
2025-06-15T17:12:22.230439,41.49,43.0,41.6,45.1,8.69,3.20,3.50,8.39
2025-06-15T17:12:46.910665,41.49,43.0,41.6,45.1,8.69,3.20,3.50,8.39
2025-06-15T17:13:14.183991,41.49,43.0,41.5,45.1,8.69,3.47,3.50,8.66
2025-06-15T17:13:39.268444,41.49,43.0,41.5,45.1,8.69,3.47,3.50,8.66
2025-06-15T17:14:03.924658,41.49,43.0,41.78,45.1,8.69,2.72,3.50,7.91
2025-06-15T17:14:30.802725,41.49,43.0,41.78,45.1,8.69,2.72,3.50,7.91
2025-06-15T17:14:55.684744,41.49,43.0,41.5,45.1,8.69,3.47,3.50,8.66
2025-06-15T17:15:19.441725,41.49,43.0,41.75,45.1,8.69,2.80,3.50,7.99
2025-06-15T17:15:44.426874,41.49,43.0,41.75,45.1,8.69,2.80,3.50,7.99
2025-06-15T17:16:10.029288,41.49,43.0,41.5,45.1,8.69,3.47,3.50,8.66
2025-06-15T17:16:33.778387,41.49,43.0,41.5,45.1,8.69,3.47,3.50,8.66
2025-06-15T17:16:58.061779,41.49,43.0,41.4,45.1,8.69,3.74,3.50,8.93
2025-06-15T17:17:22.838650,41.49,43.0,41.4,45.1,8.69,3.74,3.50,8.93
2025-06-15T17:17:50.451379,41.61,43.0,41.4,45.1,8.37,3.74,3.18,8.93
2025-06-15T17:18:15.364590,41.6,43.0,41.4,45.1,8.39,3.74,3.20,8.93
2025-06-15T17:18:40.449150,41.6,43.0,41.4,45.1,8.39,3.74,3.20,8.93
2025-06-15T17:19:04.568886,41.58,43.0,41.5,45.1,8.45,3.47,3.26,8.66
2025-06-15T17:19:30.020514,41.57,43.0,41.5,45.1,8.47,3.47,3.28,8.66
2025-06-15T17:19:53.770047,41.55,43.0,41.44,45.1,8.53,3.64,3.34,8.83
2025-06-15T17:20:19.778059,41.55,43.0,41.5,45.1,8.53,3.47,3.34,8.66
2025-06-15T17:20:44.621535,41.55,43.0,41.5,45.1,8.53,3.47,3.34,8.66
2025-06-15T17:21:09.336441,41.55,43.0,41.5,45.1,8.53,3.47,3.34,8.66
2025-06-15T17:21:34.732508,41.55,43.0,41.47,45.1,8.53,3.55,3.34,8.74
2025-06-15T17:22:00.841945,41.55,43.0,41.5,45.1,8.53,3.47,3.34,8.66
2025-06-15T17:22:25.073374,41.54,43.0,41.5,45.1,8.56,3.47,3.37,8.66
2025-06-15T17:22:50.787771,41.54,43.0,41.44,45.1,8.56,3.64,3.37,8.83
2025-06-15T17:23:17.539149,41.54,43.0,41.44,45.1,8.56,3.64,3.37,8.83
2025-06-15T17:23:44.367798,41.5,43.0,41.44,45.1,8.66,3.64,3.47,8.83
2025-06-15T17:24:08.833960,41.54,42.7,41.61,45.1,8.56,2.44,2.62,8.37
2025-06-15T17:24:34.858529,41.54,42.7,41.61,45.1,8.56,2.44,2.62,8.37
2025-06-15T17:24:58.061927,41.54,42.65,41.61,45.1,8.56,2.31,2.50,8.37
2025-06-15T17:25:21.765481,41.54,42.65,41.61,45.1,8.56,2.31,2.50,8.37
2025-06-15T17:25:47.332778,41.54,42.65,41.61,45.1,8.56,2.31,2.50,8.37
2025-06-15T17:26:11.228360,41.54,42.7,41.64,45.1,8.56,2.35,2.62,8.29
2025-06-15T17:26:37.019070,41.54,42.65,41.5,45.1,8.56,2.61,2.50,8.66
2025-06-15T17:27:03.948565,41.54,42.65,41.5,45.1,8.56,2.61,2.50,8.66
2025-06-15T17:27:32.633479,41.54,42.61,41.44,45.1,8.56,2.67,2.40,8.83
2025-06-15T17:28:06.753460,41.54,42.61,41.61,45.1,8.56,2.21,2.40,8.37
2025-06-15T17:28:32.621311,41.54,42.61,41.61,45.1,8.56,2.21,2.40,8.37
2025-06-15T17:28:58.532827,41.57,42.61,41.44,45.1,8.47,2.67,2.32,8.83
2025-06-15T17:29:25.460213,41.5,42.61,41.44,45.1,8.66,2.67,2.51,8.83
2025-06-15T17:29:51.065708,41.5,42.61,41.5,45.1,8.66,2.51,2.51,8.66
2025-06-15T17:30:16.566621,41.5,42.61,41.5,45.1,8.66,2.51,2.51,8.66
2025-06-15T17:30:42.055840,41.49,42.61,41.5,45.1,8.69,2.51,2.54,8.66
2025-06-15T17:31:08.703751,41.4,42.61,41.0,45.1,8.93,3.86,2.78,10.01
2025-06-15T17:31:33.701647,41.45,42.61,41.5,45.1,8.80,2.51,2.64,8.66
2025-06-15T17:31:59.056820,41.45,42.61,41.5,45.1,8.80,2.51,2.64,8.66
2025-06-15T17:32:26.093451,41.53,42.61,41.47,45.1,8.58,2.59,2.43,8.74
2025-06-15T17:32:51.973246,41.45,42.7,41.47,45.1,8.80,2.81,2.87,8.74
2025-06-15T17:33:15.634464,41.45,42.7,41.5,45.1,8.80,2.73,2.87,8.66
2025-06-15T17:33:39.281498,41.5,42.7,41.47,45.1,8.66,2.81,2.73,8.74
2025-06-15T17:34:04.056282,41.49,42.7,41.4,45.1,8.69,3.00,2.76,8.93
2025-06-15T17:34:27.810844,41.5,42.7,41.4,45.1,8.66,3.00,2.73,8.93
2025-06-15T17:34:52.523276,41.5,42.7,41.45,45.1,8.66,2.87,2.73,8.80
2025-06-15T17:35:18.220818,41.5,42.7,41.5,45.1,8.66,2.73,2.73,8.66
2025-06-15T17:35:44.020549,41.5,42.7,41.5,45.1,8.66,2.73,2.73,8.66
2025-06-15T17:36:08.051365,41.5,42.7,41.5,45.1,8.66,2.73,2.73,8.66
2025-06-15T17:36:33.665541,41.5,42.7,41.59,45.1,8.66,2.49,2.73,8.42
2025-06-15T17:36:58.470254,41.5,42.63,41.59,45.1,8.66,2.32,2.56,8.42
2025-06-15T17:37:24.116748,41.49,42.63,41.61,45.1,8.69,2.26,2.59,8.37
2025-06-15T17:37:48.025739,41.49,42.63,41.6,45.1,8.69,2.29,2.59,8.39
2025-06-15T17:38:12.811584,41.49,42.63,41.61,45.1,8.69,2.26,2.59,8.37
2025-06-15T17:38:37.394456,41.49,42.63,41.6,45.1,8.69,2.29,2.59,8.39
2025-06-15T17:39:04.114188,41.48,42.63,41.6,45.1,8.72,2.29,2.61,8.39
2025-06-15T17:39:28.958467,41.48,42.63,41.6,45.1,8.72,2.29,2.61,8.39
2025-06-15T17:39:54.061889,41.48,42.65,41.6,45.1,8.72,2.34,2.66,8.39
2025-06-15T17:40:19.577689,41.49,42.65,41.6,45.1,8.69,2.34,2.64,8.39
2025-06-15T17:40:44.356774,41.5,42.65,41.6,45.1,8.66,2.34,2.61,8.39
2025-06-15T17:41:09.220882,41.53,42.65,41.6,45.1,8.58,2.34,2.53,8.39
2025-06-16T10:24:46.226870,41.3,42.6,41.5,43.0,4.01,2.49,3.02,3.47
2025-06-16T10:25:11.486816,41.37,42.6,41.5,43.0,3.82,2.49,2.84,3.47
2025-06-16T10:25:34.657087,41.37,42.6,41.5,43.0,3.82,2.49,2.84,3.47
2025-06-16T10:26:00.448717,41.4,42.7,41.5,43.0,3.74,2.73,3.00,3.47
2025-06-16T10:26:24.793897,41.38,42.7,41.5,43.0,3.80,2.73,3.06,3.47
2025-06-16T10:26:48.020657,41.34,42.7,41.5,43.0,3.91,2.73,3.16,3.47
2025-06-16T10:27:11.278046,41.36,42.7,41.5,43.0,3.85,2.73,3.11,3.47
2025-06-16T10:27:37.689532,41.34,42.7,41.5,43.0,3.91,2.73,3.16,3.47
2025-06-16T10:28:01.154603,41.34,42.7,41.5,43.0,3.91,2.73,3.16,3.47
2025-06-16T10:28:25.474470,41.34,42.7,41.5,43.0,3.91,2.73,3.16,3.47
2025-06-16T10:28:49.286674,41.33,42.7,41.5,43.0,3.93,2.73,3.19,3.47
2025-06-16T10:29:11.524868,41.32,42.7,41.5,43.0,3.96,2.73,3.22,3.47
2025-06-16T10:29:35.979616,41.34,42.7,41.5,43.0,3.91,2.73,3.16,3.47
2025-06-16T10:30:00.273157,41.36,42.7,41.5,43.0,3.85,2.73,3.11,3.47
2025-06-16T10:30:23.548923,41.3,42.7,41.5,43.0,4.01,2.73,3.27,3.47
2025-06-16T10:30:47.801943,41.32,42.7,41.5,43.0,3.96,2.73,3.22,3.47
2025-06-16T10:31:12.263121,41.32,42.7,41.5,43.0,3.96,2.73,3.22,3.47
2025-06-16T10:31:36.629653,41.32,42.7,41.5,43.0,3.96,2.73,3.22,3.47
2025-06-16T10:32:01.887585,41.32,42.7,41.5,43.0,3.96,2.73,3.22,3.47
2025-06-16T10:32:27.134615,41.3,42.7,41.5,43.0,4.01,2.73,3.27,3.47
2025-06-16T10:32:52.680022,41.34,42.7,41.45,43.0,3.91,2.87,3.16,3.61
2025-06-16T10:33:17.955966,41.34,42.7,41.45,43.0,3.91,2.87,3.16,3.61
2025-06-16T10:33:42.229271,41.3,42.7,41.5,43.0,4.01,2.73,3.27,3.47
2025-06-16T10:34:07.455892,41.25,42.7,41.5,43.0,4.15,2.73,3.41,3.47
2025-06-16T10:34:31.014478,41.25,42.7,41.5,43.0,4.15,2.73,3.41,3.47
2025-06-16T10:34:56.291262,41.25,42.43,41.5,43.0,4.15,2.06,2.74,3.47
2025-06-16T10:35:18.572257,41.25,42.43,41.5,43.0,4.15,2.06,2.74,3.47
2025-06-16T10:35:41.813957,41.3,42.43,41.5,43.0,4.01,2.06,2.60,3.47
2025-06-16T10:36:06.317169,41.31,42.43,41.5,43.0,3.99,2.06,2.58,3.47
2025-06-16T10:36:32.555258,41.33,42.43,41.5,43.0,3.93,2.06,2.52,3.47
2025-06-16T10:36:56.028198,41.3,42.43,41.5,43.0,4.01,2.06,2.60,3.47
2025-06-16T10:37:19.441970,41.34,43.0,41.5,43.0,3.91,3.47,3.91,3.47
2025-06-16T10:37:43.837933,41.3,42.43,41.5,43.0,4.01,2.06,2.60,3.47
2025-06-16T10:38:07.044078,41.3,42.43,41.5,43.0,4.01,2.06,2.60,3.47
2025-06-16T10:38:31.293190,41.29,42.43,41.5,43.0,4.04,2.06,2.63,3.47
2025-06-16T10:40:05.188353,41.31,42.43,41.4,43.0,3.99,2.33,2.58,3.74
2025-06-16T10:40:29.326058,41.31,42.43,41.4,43.0,3.99,2.33,2.58,3.74
2025-06-16T10:40:54.539585,41.31,42.43,41.4,43.0,3.99,2.33,2.58,3.74
2025-06-16T10:41:18.738761,41.3,42.43,41.49,43.0,4.01,2.09,2.60,3.50
2025-06-16T10:41:45.240591,41.33,42.43,41.49,43.0,3.93,2.09,2.52,3.50
2025-06-16T10:42:09.370751,41.31,42.43,41.49,43.0,3.99,2.09,2.58,3.50
2025-06-16T10:42:34.569825,41.32,42.43,41.49,43.0,3.96,2.09,2.55,3.50
2025-06-16T10:42:57.874081,41.29,42.43,41.49,43.0,4.04,2.09,2.63,3.50
2025-06-16T10:43:23.277350,41.29,42.43,41.65,43.0,4.04,1.66,2.63,3.07
2025-06-16T10:43:49.548807,41.29,42.43,41.65,43.0,4.04,1.66,2.63,3.07
2025-06-16T10:44:12.204309,41.29,42.43,41.5,43.0,4.04,2.06,2.63,3.47
2025-06-16T10:44:38.486054,41.29,42.43,41.5,43.0,4.04,2.06,2.63,3.47
2025-06-16T10:45:03.962458,41.29,42.43,41.65,43.0,4.04,1.66,2.63,3.07
2025-06-16T10:45:27.211560,41.29,42.43,41.69,43.0,4.04,1.55,2.63,2.96
2025-06-16T10:45:50.644488,41.29,42.43,41.89,43.0,4.04,1.01,2.63,2.42
2025-06-16T10:46:13.874702,41.25,42.43,41.89,43.0,4.15,1.01,2.74,2.42
2025-06-16T10:46:38.323927,41.25,42.43,41.69,43.0,4.15,1.55,2.74,2.96
2025-06-16T10:47:01.695242,41.35,42.43,41.69,43.0,3.88,1.55,2.47,2.96
2025-06-16T10:47:24.941021,41.3,42.43,41.9,43.0,4.01,0.99,2.60,2.39
2025-06-16T10:47:48.188749,41.31,42.43,41.59,43.0,3.99,1.82,2.58,3.23
2025-06-16T10:48:11.594349,41.35,42.43,41.9,43.0,3.88,0.99,2.47,2.39
2025-06-16T10:48:37.950818,41.37,42.43,41.75,43.0,3.82,1.39,2.42,2.80
2025-06-16T10:49:03.348552,41.35,42.43,41.9,43.0,3.88,0.99,2.47,2.39
2025-06-16T10:49:29.613478,41.24,42.43,41.9,43.0,4.17,0.99,2.77,2.39
2025-06-16T10:49:56.164232,41.28,42.43,41.9,43.0,4.07,0.99,2.66,2.39
2025-06-16T10:50:21.363134,41.35,42.43,41.9,43.0,3.88,0.99,2.47,2.39
2025-06-16T10:50:46.659191,41.35,42.43,41.7,43.0,3.88,1.53,2.47,2.93
2025-06-16T10:51:10.584752,41.3,42.43,41.7,43.0,4.01,1.53,2.60,2.93
2025-06-16T10:51:32.982471,41.3,42.43,41.7,43.0,4.01,1.53,2.60,2.93
